{
    "learning_rate": 0.0005295932355071172,
    "exploration_noise": 0.4372354281217934,
    "buffer_size": 50000,
    "batch_size": 256,
    "polyak": 0.9705616702331298,
    "target_noise": 0.16397374632022116,
    "policy_delay": 1
}