{
    "learning_rate": 0.0004203802421088965,
    "num_minibatches": 256,
    "num_steps": 512,
    "gae_lambda": 0.9265010993996222,
    "ent_coef": 0.00951169140356109,
    "clip_eps": 0.14550640064594372,
    "gamma": 0.9601333552614683
}